Algorithm,Day,Time,Capacity,Trucks,Time_Limit_Mins,Total_Satisfied,Stations_Visited
Nearest Neighbor,Monday,06:00-09:00,20,1,60,8,10
Greedy Demand,Monday,06:00-09:00,20,1,60,11,3
Nearest Neighbor,Monday,06:00-09:00,20,2,60,21,20
Greedy Demand,Monday,06:00-09:00,20,2,60,22,7
Nearest Neighbor,Monday,06:00-09:00,20,3,60,31,28
Greedy Demand,Monday,06:00-09:00,20,3,60,36,14
Nearest Neighbor,Monday,06:00-09:00,20,4,60,38,36
Greedy Demand,Monday,06:00-09:00,20,4,60,49,21
Nearest Neighbor,Monday,06:00-09:00,20,5,60,48,44
Greedy Demand,Monday,06:00-09:00,20,5,60,61,27
Nearest Neighbor,Monday,06:00-09:00,20,1,90,14,15
Greedy Demand,Monday,06:00-09:00,20,1,90,23,8
Nearest Neighbor,Monday,06:00-09:00,20,2,90,30,29
Greedy Demand,Monday,06:00-09:00,20,2,90,32,12
Nearest Neighbor,Monday,06:00-09:00,20,3,90,42,42
Greedy Demand,Monday,06:00-09:00,20,3,90,54,24
Nearest Neighbor,Monday,06:00-09:00,20,4,90,58,55
Greedy Demand,Monday,06:00-09:00,20,4,90,72,33
Nearest Neighbor,Monday,06:00-09:00,20,5,90,65,65
Greedy Demand,Monday,06:00-09:00,20,5,90,79,38
Nearest Neighbor,Monday,06:00-09:00,20,1,120,22,20
Greedy Demand,Monday,06:00-09:00,20,1,120,31,12
Nearest Neighbor,Monday,06:00-09:00,20,2,120,39,38
Greedy Demand,Monday,06:00-09:00,20,2,120,50,21
Nearest Neighbor,Monday,06:00-09:00,20,3,120,60,56
Greedy Demand,Monday,06:00-09:00,20,3,120,77,36
Nearest Neighbor,Monday,06:00-09:00,20,4,120,71,71
Greedy Demand,Monday,06:00-09:00,20,4,120,90,47
Nearest Neighbor,Monday,06:00-09:00,20,5,120,82,88
Greedy Demand,Monday,06:00-09:00,20,5,120,107,64
Nearest Neighbor,Monday,06:00-09:00,20,1,150,26,25
Greedy Demand,Monday,06:00-09:00,20,1,150,25,8
Nearest Neighbor,Monday,06:00-09:00,20,2,150,47,48
Greedy Demand,Monday,06:00-09:00,20,2,150,55,27
Nearest Neighbor,Monday,06:00-09:00,20,3,150,71,71
Greedy Demand,Monday,06:00-09:00,20,3,150,77,42
Nearest Neighbor,Monday,06:00-09:00,20,4,150,85,91
Greedy Demand,Monday,06:00-09:00,20,4,150,99,64
Nearest Neighbor,Monday,06:00-09:00,20,5,150,96,109
Greedy Demand,Monday,06:00-09:00,20,5,150,118,83
Nearest Neighbor,Monday,06:00-09:00,20,1,180,31,30
Greedy Demand,Monday,06:00-09:00,20,1,180,35,13
Nearest Neighbor,Monday,06:00-09:00,20,2,180,51,56
Greedy Demand,Monday,06:00-09:00,20,2,180,67,34
Nearest Neighbor,Monday,06:00-09:00,20,3,180,78,85
Greedy Demand,Monday,06:00-09:00,20,3,180,93,59
Nearest Neighbor,Monday,06:00-09:00,20,4,180,94,109
Greedy Demand,Monday,06:00-09:00,20,4,180,117,83
Nearest Neighbor,Monday,06:00-09:00,20,5,180,120,129
Greedy Demand,Monday,06:00-09:00,20,5,180,123,98
Nearest Neighbor,Monday,06:00-09:00,40,1,60,8,10
Greedy Demand,Monday,06:00-09:00,40,1,60,11,3
Nearest Neighbor,Monday,06:00-09:00,40,2,60,21,20
Greedy Demand,Monday,06:00-09:00,40,2,60,22,7
Nearest Neighbor,Monday,06:00-09:00,40,3,60,31,28
Greedy Demand,Monday,06:00-09:00,40,3,60,36,14
Nearest Neighbor,Monday,06:00-09:00,40,4,60,38,36
Greedy Demand,Monday,06:00-09:00,40,4,60,49,21
Nearest Neighbor,Monday,06:00-09:00,40,5,60,48,44
Greedy Demand,Monday,06:00-09:00,40,5,60,61,27
Nearest Neighbor,Monday,06:00-09:00,40,1,90,14,15
Greedy Demand,Monday,06:00-09:00,40,1,90,23,8
Nearest Neighbor,Monday,06:00-09:00,40,2,90,30,29
Greedy Demand,Monday,06:00-09:00,40,2,90,32,12
Nearest Neighbor,Monday,06:00-09:00,40,3,90,42,42
Greedy Demand,Monday,06:00-09:00,40,3,90,56,24
Nearest Neighbor,Monday,06:00-09:00,40,4,90,58,55
Greedy Demand,Monday,06:00-09:00,40,4,90,74,33
Nearest Neighbor,Monday,06:00-09:00,40,5,90,65,65
Greedy Demand,Monday,06:00-09:00,40,5,90,81,38
Nearest Neighbor,Monday,06:00-09:00,40,1,120,22,20
Greedy Demand,Monday,06:00-09:00,40,1,120,31,12
Nearest Neighbor,Monday,06:00-09:00,40,2,120,39,38
Greedy Demand,Monday,06:00-09:00,40,2,120,50,21
Nearest Neighbor,Monday,06:00-09:00,40,3,120,60,56
Greedy Demand,Monday,06:00-09:00,40,3,120,77,36
Nearest Neighbor,Monday,06:00-09:00,40,4,120,71,71
Greedy Demand,Monday,06:00-09:00,40,4,120,90,47
Nearest Neighbor,Monday,06:00-09:00,40,5,120,82,88
Greedy Demand,Monday,06:00-09:00,40,5,120,107,64
Nearest Neighbor,Monday,06:00-09:00,40,1,150,26,25
Greedy Demand,Monday,06:00-09:00,40,1,150,25,8
Nearest Neighbor,Monday,06:00-09:00,40,2,150,47,48
Greedy Demand,Monday,06:00-09:00,40,2,150,63,27
Nearest Neighbor,Monday,06:00-09:00,40,3,150,73,71
Greedy Demand,Monday,06:00-09:00,40,3,150,85,42
Nearest Neighbor,Monday,06:00-09:00,40,4,150,87,91
Greedy Demand,Monday,06:00-09:00,40,4,150,107,64
Nearest Neighbor,Monday,06:00-09:00,40,5,150,98,109
Greedy Demand,Monday,06:00-09:00,40,5,150,126,83
Nearest Neighbor,Monday,06:00-09:00,40,1,180,31,30
Greedy Demand,Monday,06:00-09:00,40,1,180,35,13
Nearest Neighbor,Monday,06:00-09:00,40,2,180,51,56
Greedy Demand,Monday,06:00-09:00,40,2,180,76,34
Nearest Neighbor,Monday,06:00-09:00,40,3,180,82,85
Greedy Demand,Monday,06:00-09:00,40,3,180,102,59
Nearest Neighbor,Monday,06:00-09:00,40,4,180,98,109
Greedy Demand,Monday,06:00-09:00,40,4,180,126,83
Nearest Neighbor,Monday,06:00-09:00,40,5,180,124,129
Greedy Demand,Monday,06:00-09:00,40,5,180,132,98
Nearest Neighbor,Tuesday,06:00-09:00,20,1,60,10,10
Greedy Demand,Tuesday,06:00-09:00,20,1,60,14,4
Nearest Neighbor,Tuesday,06:00-09:00,20,2,60,23,20
Greedy Demand,Tuesday,06:00-09:00,20,2,60,32,10
Nearest Neighbor,Tuesday,06:00-09:00,20,3,60,30,28
Greedy Demand,Tuesday,06:00-09:00,20,3,60,39,13
Nearest Neighbor,Tuesday,06:00-09:00,20,4,60,40,36
Greedy Demand,Tuesday,06:00-09:00,20,4,60,55,21
Nearest Neighbor,Tuesday,06:00-09:00,20,5,60,52,44
Greedy Demand,Tuesday,06:00-09:00,20,5,60,67,27
Nearest Neighbor,Tuesday,06:00-09:00,20,1,90,17,15
Greedy Demand,Tuesday,06:00-09:00,20,1,90,23,7
Nearest Neighbor,Tuesday,06:00-09:00,20,2,90,33,29
Greedy Demand,Tuesday,06:00-09:00,20,2,90,49,18
Nearest Neighbor,Tuesday,06:00-09:00,20,3,90,42,42
Greedy Demand,Tuesday,06:00-09:00,20,3,90,71,29
Nearest Neighbor,Tuesday,06:00-09:00,20,4,90,62,55
Greedy Demand,Tuesday,06:00-09:00,20,4,90,89,38
Nearest Neighbor,Tuesday,06:00-09:00,20,5,90,71,65
Greedy Demand,Tuesday,06:00-09:00,20,5,90,104,49
Nearest Neighbor,Tuesday,06:00-09:00,20,1,120,24,20
Greedy Demand,Tuesday,06:00-09:00,20,1,120,31,12
Nearest Neighbor,Tuesday,06:00-09:00,20,2,120,41,38
Greedy Demand,Tuesday,06:00-09:00,20,2,120,61,27
Nearest Neighbor,Tuesday,06:00-09:00,20,3,120,63,56
Greedy Demand,Tuesday,06:00-09:00,20,3,120,90,42
Nearest Neighbor,Tuesday,06:00-09:00,20,4,120,76,71
Greedy Demand,Tuesday,06:00-09:00,20,4,120,100,50
Nearest Neighbor,Tuesday,06:00-09:00,20,5,120,89,88
Greedy Demand,Tuesday,06:00-09:00,20,5,120,118,68
Nearest Neighbor,Tuesday,06:00-09:00,20,1,150,29,25
Greedy Demand,Tuesday,06:00-09:00,20,1,150,31,17
Nearest Neighbor,Tuesday,06:00-09:00,20,2,150,49,48
Greedy Demand,Tuesday,06:00-09:00,20,2,150,67,35
Nearest Neighbor,Tuesday,06:00-09:00,20,3,150,71,71
Greedy Demand,Tuesday,06:00-09:00,20,3,150,86,46
Nearest Neighbor,Tuesday,06:00-09:00,20,4,150,90,91
Greedy Demand,Tuesday,06:00-09:00,20,4,150,108,68
Nearest Neighbor,Tuesday,06:00-09:00,20,5,150,108,109
Greedy Demand,Tuesday,06:00-09:00,20,5,150,128,88
Nearest Neighbor,Tuesday,06:00-09:00,20,1,180,35,30
Greedy Demand,Tuesday,06:00-09:00,20,1,180,39,22
Nearest Neighbor,Tuesday,06:00-09:00,20,2,180,58,56
Greedy Demand,Tuesday,06:00-09:00,20,2,180,81,43
Nearest Neighbor,Tuesday,06:00-09:00,20,3,180,87,85
Greedy Demand,Tuesday,06:00-09:00,20,3,180,100,61
Nearest Neighbor,Tuesday,06:00-09:00,20,4,180,107,109
Greedy Demand,Tuesday,06:00-09:00,20,4,180,126,88
Nearest Neighbor,Tuesday,06:00-09:00,20,5,180,138,129
Greedy Demand,Tuesday,06:00-09:00,20,5,180,140,106
Nearest Neighbor,Tuesday,06:00-09:00,40,1,60,10,10
Greedy Demand,Tuesday,06:00-09:00,40,1,60,14,4
Nearest Neighbor,Tuesday,06:00-09:00,40,2,60,23,20
Greedy Demand,Tuesday,06:00-09:00,40,2,60,32,10
Nearest Neighbor,Tuesday,06:00-09:00,40,3,60,30,28
Greedy Demand,Tuesday,06:00-09:00,40,3,60,39,13
Nearest Neighbor,Tuesday,06:00-09:00,40,4,60,40,36
Greedy Demand,Tuesday,06:00-09:00,40,4,60,55,21
Nearest Neighbor,Tuesday,06:00-09:00,40,5,60,52,44
Greedy Demand,Tuesday,06:00-09:00,40,5,60,67,27
Nearest Neighbor,Tuesday,06:00-09:00,40,1,90,17,15
Greedy Demand,Tuesday,06:00-09:00,40,1,90,23,7
Nearest Neighbor,Tuesday,06:00-09:00,40,2,90,33,29
Greedy Demand,Tuesday,06:00-09:00,40,2,90,49,18
Nearest Neighbor,Tuesday,06:00-09:00,40,3,90,42,42
Greedy Demand,Tuesday,06:00-09:00,40,3,90,71,29
Nearest Neighbor,Tuesday,06:00-09:00,40,4,90,62,55
Greedy Demand,Tuesday,06:00-09:00,40,4,90,89,38
Nearest Neighbor,Tuesday,06:00-09:00,40,5,90,71,65
Greedy Demand,Tuesday,06:00-09:00,40,5,90,104,49
Nearest Neighbor,Tuesday,06:00-09:00,40,1,120,24,20
Greedy Demand,Tuesday,06:00-09:00,40,1,120,37,12
Nearest Neighbor,Tuesday,06:00-09:00,40,2,120,41,38
Greedy Demand,Tuesday,06:00-09:00,40,2,120,67,27
Nearest Neighbor,Tuesday,06:00-09:00,40,3,120,67,56
Greedy Demand,Tuesday,06:00-09:00,40,3,120,96,42
Nearest Neighbor,Tuesday,06:00-09:00,40,4,120,80,71
Greedy Demand,Tuesday,06:00-09:00,40,4,120,106,50
Nearest Neighbor,Tuesday,06:00-09:00,40,5,120,93,88
Greedy Demand,Tuesday,06:00-09:00,40,5,120,124,68
Nearest Neighbor,Tuesday,06:00-09:00,40,1,150,29,25
Greedy Demand,Tuesday,06:00-09:00,40,1,150,47,17
Nearest Neighbor,Tuesday,06:00-09:00,40,2,150,49,48
Greedy Demand,Tuesday,06:00-09:00,40,2,150,83,35
Nearest Neighbor,Tuesday,06:00-09:00,40,3,150,80,71
Greedy Demand,Tuesday,06:00-09:00,40,3,150,102,46
Nearest Neighbor,Tuesday,06:00-09:00,40,4,150,99,91
Greedy Demand,Tuesday,06:00-09:00,40,4,150,124,68
Nearest Neighbor,Tuesday,06:00-09:00,40,5,150,117,109
Greedy Demand,Tuesday,06:00-09:00,40,5,150,144,88
Nearest Neighbor,Tuesday,06:00-09:00,40,1,180,35,30
Greedy Demand,Tuesday,06:00-09:00,40,1,180,56,22
Nearest Neighbor,Tuesday,06:00-09:00,40,2,180,58,56
Greedy Demand,Tuesday,06:00-09:00,40,2,180,98,43
Nearest Neighbor,Tuesday,06:00-09:00,40,3,180,96,85
Greedy Demand,Tuesday,06:00-09:00,40,3,180,117,61
Nearest Neighbor,Tuesday,06:00-09:00,40,4,180,116,109
Greedy Demand,Tuesday,06:00-09:00,40,4,180,143,88
Nearest Neighbor,Tuesday,06:00-09:00,40,5,180,147,129
Greedy Demand,Tuesday,06:00-09:00,40,5,180,157,106
Nearest Neighbor,Wednesday,06:00-09:00,20,1,60,8,10
Greedy Demand,Wednesday,06:00-09:00,20,1,60,12,3
Nearest Neighbor,Wednesday,06:00-09:00,20,2,60,20,20
Greedy Demand,Wednesday,06:00-09:00,20,2,60,30,9
Nearest Neighbor,Wednesday,06:00-09:00,20,3,60,30,28
Greedy Demand,Wednesday,06:00-09:00,20,3,60,37,12
Nearest Neighbor,Wednesday,06:00-09:00,20,4,60,41,36
Greedy Demand,Wednesday,06:00-09:00,20,4,60,51,19
Nearest Neighbor,Wednesday,06:00-09:00,20,5,60,53,44
Greedy Demand,Wednesday,06:00-09:00,20,5,60,64,26
Nearest Neighbor,Wednesday,06:00-09:00,20,1,90,16,15
Greedy Demand,Wednesday,06:00-09:00,20,1,90,24,7
Nearest Neighbor,Wednesday,06:00-09:00,20,2,90,33,29
Greedy Demand,Wednesday,06:00-09:00,20,2,90,48,18
Nearest Neighbor,Wednesday,06:00-09:00,20,3,90,48,42
Greedy Demand,Wednesday,06:00-09:00,20,3,90,70,29
Nearest Neighbor,Wednesday,06:00-09:00,20,4,90,67,55
Greedy Demand,Wednesday,06:00-09:00,20,4,90,86,38
Nearest Neighbor,Wednesday,06:00-09:00,20,5,90,75,65
Greedy Demand,Wednesday,06:00-09:00,20,5,90,91,41
Nearest Neighbor,Wednesday,06:00-09:00,20,1,120,22,20
Greedy Demand,Wednesday,06:00-09:00,20,1,120,32,12
Nearest Neighbor,Wednesday,06:00-09:00,20,2,120,43,38
Greedy Demand,Wednesday,06:00-09:00,20,2,120,60,27
Nearest Neighbor,Wednesday,06:00-09:00,20,3,120,66,56
Greedy Demand,Wednesday,06:00-09:00,20,3,120,80,38
Nearest Neighbor,Wednesday,06:00-09:00,20,4,120,77,71
Greedy Demand,Wednesday,06:00-09:00,20,4,120,90,46
Nearest Neighbor,Wednesday,06:00-09:00,20,5,120,91,88
Greedy Demand,Wednesday,06:00-09:00,20,5,120,108,64
Nearest Neighbor,Wednesday,06:00-09:00,20,1,150,27,25
Greedy Demand,Wednesday,06:00-09:00,20,1,150,32,16
Nearest Neighbor,Wednesday,06:00-09:00,20,2,150,53,48
Greedy Demand,Wednesday,06:00-09:00,20,2,150,67,34
Nearest Neighbor,Wednesday,06:00-09:00,20,3,150,77,71
Greedy Demand,Wednesday,06:00-09:00,20,3,150,79,41
Nearest Neighbor,Wednesday,06:00-09:00,20,4,150,94,91
Greedy Demand,Wednesday,06:00-09:00,20,4,150,102,64
Nearest Neighbor,Wednesday,06:00-09:00,20,5,150,108,109
Greedy Demand,Wednesday,06:00-09:00,20,5,150,121,83
Nearest Neighbor,Wednesday,06:00-09:00,20,1,180,35,30
Greedy Demand,Wednesday,06:00-09:00,20,1,180,32,20
Nearest Neighbor,Wednesday,06:00-09:00,20,2,180,60,56
Greedy Demand,Wednesday,06:00-09:00,20,2,180,67,38
Nearest Neighbor,Wednesday,06:00-09:00,20,3,180,91,85
Greedy Demand,Wednesday,06:00-09:00,20,3,180,86,56
Nearest Neighbor,Wednesday,06:00-09:00,20,4,180,109,109
Greedy Demand,Wednesday,06:00-09:00,20,4,180,112,83
Nearest Neighbor,Wednesday,06:00-09:00,20,5,180,139,129
Greedy Demand,Wednesday,06:00-09:00,20,5,180,131,105
Nearest Neighbor,Wednesday,06:00-09:00,40,1,60,8,10
Greedy Demand,Wednesday,06:00-09:00,40,1,60,12,3
Nearest Neighbor,Wednesday,06:00-09:00,40,2,60,20,20
Greedy Demand,Wednesday,06:00-09:00,40,2,60,30,9
Nearest Neighbor,Wednesday,06:00-09:00,40,3,60,30,28
Greedy Demand,Wednesday,06:00-09:00,40,3,60,37,12
Nearest Neighbor,Wednesday,06:00-09:00,40,4,60,41,36
Greedy Demand,Wednesday,06:00-09:00,40,4,60,51,19
Nearest Neighbor,Wednesday,06:00-09:00,40,5,60,53,44
Greedy Demand,Wednesday,06:00-09:00,40,5,60,64,26
Nearest Neighbor,Wednesday,06:00-09:00,40,1,90,16,15
Greedy Demand,Wednesday,06:00-09:00,40,1,90,24,7
Nearest Neighbor,Wednesday,06:00-09:00,40,2,90,33,29
Greedy Demand,Wednesday,06:00-09:00,40,2,90,49,18
Nearest Neighbor,Wednesday,06:00-09:00,40,3,90,48,42
Greedy Demand,Wednesday,06:00-09:00,40,3,90,71,29
Nearest Neighbor,Wednesday,06:00-09:00,40,4,90,67,55
Greedy Demand,Wednesday,06:00-09:00,40,4,90,87,38
Nearest Neighbor,Wednesday,06:00-09:00,40,5,90,75,65
Greedy Demand,Wednesday,06:00-09:00,40,5,90,92,41
Nearest Neighbor,Wednesday,06:00-09:00,40,1,120,22,20
Greedy Demand,Wednesday,06:00-09:00,40,1,120,37,12
Nearest Neighbor,Wednesday,06:00-09:00,40,2,120,43,38
Greedy Demand,Wednesday,06:00-09:00,40,2,120,67,27
Nearest Neighbor,Wednesday,06:00-09:00,40,3,120,66,56
Greedy Demand,Wednesday,06:00-09:00,40,3,120,87,38
Nearest Neighbor,Wednesday,06:00-09:00,40,4,120,77,71
Greedy Demand,Wednesday,06:00-09:00,40,4,120,97,46
Nearest Neighbor,Wednesday,06:00-09:00,40,5,120,91,88
Greedy Demand,Wednesday,06:00-09:00,40,5,120,115,64
Nearest Neighbor,Wednesday,06:00-09:00,40,1,150,27,25
Greedy Demand,Wednesday,06:00-09:00,40,1,150,45,16
Nearest Neighbor,Wednesday,06:00-09:00,40,2,150,53,48
Greedy Demand,Wednesday,06:00-09:00,40,2,150,80,34
Nearest Neighbor,Wednesday,06:00-09:00,40,3,150,83,71
Greedy Demand,Wednesday,06:00-09:00,40,3,150,92,41
Nearest Neighbor,Wednesday,06:00-09:00,40,4,150,100,91
Greedy Demand,Wednesday,06:00-09:00,40,4,150,115,64
Nearest Neighbor,Wednesday,06:00-09:00,40,5,150,114,109
Greedy Demand,Wednesday,06:00-09:00,40,5,150,134,83
Nearest Neighbor,Wednesday,06:00-09:00,40,1,180,35,30
Greedy Demand,Wednesday,06:00-09:00,40,1,180,52,20
Nearest Neighbor,Wednesday,06:00-09:00,40,2,180,60,56
Greedy Demand,Wednesday,06:00-09:00,40,2,180,87,38
Nearest Neighbor,Wednesday,06:00-09:00,40,3,180,97,85
Greedy Demand,Wednesday,06:00-09:00,40,3,180,106,56
Nearest Neighbor,Wednesday,06:00-09:00,40,4,180,115,109
Greedy Demand,Wednesday,06:00-09:00,40,4,180,132,83
Nearest Neighbor,Wednesday,06:00-09:00,40,5,180,145,129
Greedy Demand,Wednesday,06:00-09:00,40,5,180,151,105
Nearest Neighbor,Thursday,06:00-09:00,20,1,60,11,10
Greedy Demand,Thursday,06:00-09:00,20,1,60,13,3
Nearest Neighbor,Thursday,06:00-09:00,20,2,60,20,20
Greedy Demand,Thursday,06:00-09:00,20,2,60,30,9
Nearest Neighbor,Thursday,06:00-09:00,20,3,60,32,28
Greedy Demand,Thursday,06:00-09:00,20,3,60,39,13
Nearest Neighbor,Thursday,06:00-09:00,20,4,60,40,36
Greedy Demand,Thursday,06:00-09:00,20,4,60,54,21
Nearest Neighbor,Thursday,06:00-09:00,20,5,60,50,44
Greedy Demand,Thursday,06:00-09:00,20,5,60,67,28
Nearest Neighbor,Thursday,06:00-09:00,20,1,90,17,15
Greedy Demand,Thursday,06:00-09:00,20,1,90,25,7
Nearest Neighbor,Thursday,06:00-09:00,20,2,90,31,29
Greedy Demand,Thursday,06:00-09:00,20,2,90,49,18
Nearest Neighbor,Thursday,06:00-09:00,20,3,90,41,42
Greedy Demand,Thursday,06:00-09:00,20,3,90,69,30
Nearest Neighbor,Thursday,06:00-09:00,20,4,90,57,55
Greedy Demand,Thursday,06:00-09:00,20,4,90,86,39
Nearest Neighbor,Thursday,06:00-09:00,20,5,90,64,65
Greedy Demand,Thursday,06:00-09:00,20,5,90,97,48
Nearest Neighbor,Thursday,06:00-09:00,20,1,120,22,20
Greedy Demand,Thursday,06:00-09:00,20,1,120,35,11
Nearest Neighbor,Thursday,06:00-09:00,20,2,120,40,38
Greedy Demand,Thursday,06:00-09:00,20,2,120,63,28
Nearest Neighbor,Thursday,06:00-09:00,20,3,120,61,56
Greedy Demand,Thursday,06:00-09:00,20,3,120,86,40
Nearest Neighbor,Thursday,06:00-09:00,20,4,120,72,71
Greedy Demand,Thursday,06:00-09:00,20,4,120,101,54
Nearest Neighbor,Thursday,06:00-09:00,20,5,120,82,88
Greedy Demand,Thursday,06:00-09:00,20,5,120,117,70
Nearest Neighbor,Thursday,06:00-09:00,20,1,150,25,25
Greedy Demand,Thursday,06:00-09:00,20,1,150,39,15
Nearest Neighbor,Thursday,06:00-09:00,20,2,150,47,48
Greedy Demand,Thursday,06:00-09:00,20,2,150,75,35
Nearest Neighbor,Thursday,06:00-09:00,20,3,150,69,71
Greedy Demand,Thursday,06:00-09:00,20,3,150,99,53
Nearest Neighbor,Thursday,06:00-09:00,20,4,150,84,91
Greedy Demand,Thursday,06:00-09:00,20,4,150,120,74
Nearest Neighbor,Thursday,06:00-09:00,20,5,150,98,109
Greedy Demand,Thursday,06:00-09:00,20,5,150,133,88
Nearest Neighbor,Thursday,06:00-09:00,20,1,180,32,30
Greedy Demand,Thursday,06:00-09:00,20,1,180,39,19
Nearest Neighbor,Thursday,06:00-09:00,20,2,180,53,56
Greedy Demand,Thursday,06:00-09:00,20,2,180,80,40
Nearest Neighbor,Thursday,06:00-09:00,20,3,180,83,85
Greedy Demand,Thursday,06:00-09:00,20,3,180,104,63
Nearest Neighbor,Thursday,06:00-09:00,20,4,180,100,109
Greedy Demand,Thursday,06:00-09:00,20,4,180,126,85
Nearest Neighbor,Thursday,06:00-09:00,20,5,180,131,129
Greedy Demand,Thursday,06:00-09:00,20,5,180,132,100
Nearest Neighbor,Thursday,06:00-09:00,40,1,60,11,10
Greedy Demand,Thursday,06:00-09:00,40,1,60,13,3
Nearest Neighbor,Thursday,06:00-09:00,40,2,60,20,20
Greedy Demand,Thursday,06:00-09:00,40,2,60,30,9
Nearest Neighbor,Thursday,06:00-09:00,40,3,60,32,28
Greedy Demand,Thursday,06:00-09:00,40,3,60,39,13
Nearest Neighbor,Thursday,06:00-09:00,40,4,60,40,36
Greedy Demand,Thursday,06:00-09:00,40,4,60,54,21
Nearest Neighbor,Thursday,06:00-09:00,40,5,60,50,44
Greedy Demand,Thursday,06:00-09:00,40,5,60,67,28
Nearest Neighbor,Thursday,06:00-09:00,40,1,90,17,15
Greedy Demand,Thursday,06:00-09:00,40,1,90,25,7
Nearest Neighbor,Thursday,06:00-09:00,40,2,90,31,29
Greedy Demand,Thursday,06:00-09:00,40,2,90,49,18
Nearest Neighbor,Thursday,06:00-09:00,40,3,90,41,42
Greedy Demand,Thursday,06:00-09:00,40,3,90,73,30
Nearest Neighbor,Thursday,06:00-09:00,40,4,90,57,55
Greedy Demand,Thursday,06:00-09:00,40,4,90,90,39
Nearest Neighbor,Thursday,06:00-09:00,40,5,90,64,65
Greedy Demand,Thursday,06:00-09:00,40,5,90,101,48
Nearest Neighbor,Thursday,06:00-09:00,40,1,120,22,20
Greedy Demand,Thursday,06:00-09:00,40,1,120,35,11
Nearest Neighbor,Thursday,06:00-09:00,40,2,120,40,38
Greedy Demand,Thursday,06:00-09:00,40,2,120,69,28
Nearest Neighbor,Thursday,06:00-09:00,40,3,120,61,56
Greedy Demand,Thursday,06:00-09:00,40,3,120,92,40
Nearest Neighbor,Thursday,06:00-09:00,40,4,120,72,71
Greedy Demand,Thursday,06:00-09:00,40,4,120,107,54
Nearest Neighbor,Thursday,06:00-09:00,40,5,120,82,88
Greedy Demand,Thursday,06:00-09:00,40,5,120,123,70
Nearest Neighbor,Thursday,06:00-09:00,40,1,150,25,25
Greedy Demand,Thursday,06:00-09:00,40,1,150,43,15
Nearest Neighbor,Thursday,06:00-09:00,40,2,150,47,48
Greedy Demand,Thursday,06:00-09:00,40,2,150,82,35
Nearest Neighbor,Thursday,06:00-09:00,40,3,150,74,71
Greedy Demand,Thursday,06:00-09:00,40,3,150,106,53
Nearest Neighbor,Thursday,06:00-09:00,40,4,150,89,91
Greedy Demand,Thursday,06:00-09:00,40,4,150,127,74
Nearest Neighbor,Thursday,06:00-09:00,40,5,150,103,109
Greedy Demand,Thursday,06:00-09:00,40,5,150,140,88
Nearest Neighbor,Thursday,06:00-09:00,40,1,180,32,30
Greedy Demand,Thursday,06:00-09:00,40,1,180,51,19
Nearest Neighbor,Thursday,06:00-09:00,40,2,180,53,56
Greedy Demand,Thursday,06:00-09:00,40,2,180,92,40
Nearest Neighbor,Thursday,06:00-09:00,40,3,180,86,85
Greedy Demand,Thursday,06:00-09:00,40,3,180,116,63
Nearest Neighbor,Thursday,06:00-09:00,40,4,180,103,109
Greedy Demand,Thursday,06:00-09:00,40,4,180,138,85
Nearest Neighbor,Thursday,06:00-09:00,40,5,180,134,129
Greedy Demand,Thursday,06:00-09:00,40,5,180,144,100
Nearest Neighbor,Friday,06:00-09:00,20,1,60,10,10
Greedy Demand,Friday,06:00-09:00,20,1,60,12,3
Nearest Neighbor,Friday,06:00-09:00,20,2,60,22,20
Greedy Demand,Friday,06:00-09:00,20,2,60,27,9
Nearest Neighbor,Friday,06:00-09:00,20,3,60,31,28
Greedy Demand,Friday,06:00-09:00,20,3,60,34,12
Nearest Neighbor,Friday,06:00-09:00,20,4,60,37,36
Greedy Demand,Friday,06:00-09:00,20,4,60,50,20
Nearest Neighbor,Friday,06:00-09:00,20,5,60,44,44
Greedy Demand,Friday,06:00-09:00,20,5,60,64,27
Nearest Neighbor,Friday,06:00-09:00,20,1,90,16,15
Greedy Demand,Friday,06:00-09:00,20,1,90,24,7
Nearest Neighbor,Friday,06:00-09:00,20,2,90,30,29
Greedy Demand,Friday,06:00-09:00,20,2,90,48,19
Nearest Neighbor,Friday,06:00-09:00,20,3,90,40,42
Greedy Demand,Friday,06:00-09:00,20,3,90,70,30
Nearest Neighbor,Friday,06:00-09:00,20,4,90,49,55
Greedy Demand,Friday,06:00-09:00,20,4,90,86,39
Nearest Neighbor,Friday,06:00-09:00,20,5,90,58,65
Greedy Demand,Friday,06:00-09:00,20,5,90,98,49
Nearest Neighbor,Friday,06:00-09:00,20,1,120,21,20
Greedy Demand,Friday,06:00-09:00,20,1,120,34,12
Nearest Neighbor,Friday,06:00-09:00,20,2,120,38,38
Greedy Demand,Friday,06:00-09:00,20,2,120,65,28
Nearest Neighbor,Friday,06:00-09:00,20,3,120,54,56
Greedy Demand,Friday,06:00-09:00,20,3,120,90,41
Nearest Neighbor,Friday,06:00-09:00,20,4,120,64,71
Greedy Demand,Friday,06:00-09:00,20,4,120,105,55
Nearest Neighbor,Friday,06:00-09:00,20,5,120,75,88
Greedy Demand,Friday,06:00-09:00,20,5,120,121,71
Nearest Neighbor,Friday,06:00-09:00,20,1,150,25,25
Greedy Demand,Friday,06:00-09:00,20,1,150,44,17
Nearest Neighbor,Friday,06:00-09:00,20,2,150,43,48
Greedy Demand,Friday,06:00-09:00,20,2,150,76,36
Nearest Neighbor,Friday,06:00-09:00,20,3,150,63,71
Greedy Demand,Friday,06:00-09:00,20,3,150,96,52
Nearest Neighbor,Friday,06:00-09:00,20,4,150,79,91
Greedy Demand,Friday,06:00-09:00,20,4,150,116,72
Nearest Neighbor,Friday,06:00-09:00,20,5,150,97,109
Greedy Demand,Friday,06:00-09:00,20,5,150,128,87
Nearest Neighbor,Friday,06:00-09:00,20,1,180,32,30
Greedy Demand,Friday,06:00-09:00,20,1,180,44,21
Nearest Neighbor,Friday,06:00-09:00,20,2,180,52,56
Greedy Demand,Friday,06:00-09:00,20,2,180,77,41
Nearest Neighbor,Friday,06:00-09:00,20,3,180,76,85
Greedy Demand,Friday,06:00-09:00,20,3,180,102,66
Nearest Neighbor,Friday,06:00-09:00,20,4,180,93,109
Greedy Demand,Friday,06:00-09:00,20,4,180,120,86
Nearest Neighbor,Friday,06:00-09:00,20,5,180,125,129
Greedy Demand,Friday,06:00-09:00,20,5,180,123,104
Nearest Neighbor,Friday,06:00-09:00,40,1,60,10,10
Greedy Demand,Friday,06:00-09:00,40,1,60,12,3
Nearest Neighbor,Friday,06:00-09:00,40,2,60,22,20
Greedy Demand,Friday,06:00-09:00,40,2,60,27,9
Nearest Neighbor,Friday,06:00-09:00,40,3,60,31,28
Greedy Demand,Friday,06:00-09:00,40,3,60,34,12
Nearest Neighbor,Friday,06:00-09:00,40,4,60,37,36
Greedy Demand,Friday,06:00-09:00,40,4,60,50,20
Nearest Neighbor,Friday,06:00-09:00,40,5,60,44,44
Greedy Demand,Friday,06:00-09:00,40,5,60,64,27
Nearest Neighbor,Friday,06:00-09:00,40,1,90,16,15
Greedy Demand,Friday,06:00-09:00,40,1,90,24,7
Nearest Neighbor,Friday,06:00-09:00,40,2,90,30,29
Greedy Demand,Friday,06:00-09:00,40,2,90,48,19
Nearest Neighbor,Friday,06:00-09:00,40,3,90,40,42
Greedy Demand,Friday,06:00-09:00,40,3,90,70,30
Nearest Neighbor,Friday,06:00-09:00,40,4,90,49,55
Greedy Demand,Friday,06:00-09:00,40,4,90,86,39
Nearest Neighbor,Friday,06:00-09:00,40,5,90,58,65
Greedy Demand,Friday,06:00-09:00,40,5,90,98,49
Nearest Neighbor,Friday,06:00-09:00,40,1,120,21,20
Greedy Demand,Friday,06:00-09:00,40,1,120,34,12
Nearest Neighbor,Friday,06:00-09:00,40,2,120,38,38
Greedy Demand,Friday,06:00-09:00,40,2,120,65,28
Nearest Neighbor,Friday,06:00-09:00,40,3,120,54,56
Greedy Demand,Friday,06:00-09:00,40,3,120,90,41
Nearest Neighbor,Friday,06:00-09:00,40,4,120,64,71
Greedy Demand,Friday,06:00-09:00,40,4,120,105,55
Nearest Neighbor,Friday,06:00-09:00,40,5,120,75,88
Greedy Demand,Friday,06:00-09:00,40,5,120,121,71
Nearest Neighbor,Friday,06:00-09:00,40,1,150,25,25
Greedy Demand,Friday,06:00-09:00,40,1,150,44,17
Nearest Neighbor,Friday,06:00-09:00,40,2,150,43,48
Greedy Demand,Friday,06:00-09:00,40,2,150,82,36
Nearest Neighbor,Friday,06:00-09:00,40,3,150,65,71
Greedy Demand,Friday,06:00-09:00,40,3,150,102,52
Nearest Neighbor,Friday,06:00-09:00,40,4,150,81,91
Greedy Demand,Friday,06:00-09:00,40,4,150,122,72
Nearest Neighbor,Friday,06:00-09:00,40,5,150,99,109
Greedy Demand,Friday,06:00-09:00,40,5,150,134,87
Nearest Neighbor,Friday,06:00-09:00,40,1,180,32,30
Greedy Demand,Friday,06:00-09:00,40,1,180,52,21
Nearest Neighbor,Friday,06:00-09:00,40,2,180,52,56
Greedy Demand,Friday,06:00-09:00,40,2,180,91,41
Nearest Neighbor,Friday,06:00-09:00,40,3,180,81,85
Greedy Demand,Friday,06:00-09:00,40,3,180,116,66
Nearest Neighbor,Friday,06:00-09:00,40,4,180,98,109
Greedy Demand,Friday,06:00-09:00,40,4,180,134,86
Nearest Neighbor,Friday,06:00-09:00,40,5,180,130,129
Greedy Demand,Friday,06:00-09:00,40,5,180,137,104
Nearest Neighbor,Saturday,06:00-09:00,20,1,60,10,10
Greedy Demand,Saturday,06:00-09:00,20,1,60,13,5
Nearest Neighbor,Saturday,06:00-09:00,20,2,60,18,20
Greedy Demand,Saturday,06:00-09:00,20,2,60,22,9
Nearest Neighbor,Saturday,06:00-09:00,20,3,60,25,28
Greedy Demand,Saturday,06:00-09:00,20,3,60,37,17
Nearest Neighbor,Saturday,06:00-09:00,20,4,60,31,36
Greedy Demand,Saturday,06:00-09:00,20,4,60,48,23
Nearest Neighbor,Saturday,06:00-09:00,20,5,60,39,44
Greedy Demand,Saturday,06:00-09:00,20,5,60,60,29
Nearest Neighbor,Saturday,06:00-09:00,20,1,90,14,15
Greedy Demand,Saturday,06:00-09:00,20,1,90,16,6
Nearest Neighbor,Saturday,06:00-09:00,20,2,90,26,29
Greedy Demand,Saturday,06:00-09:00,20,2,90,40,18
Nearest Neighbor,Saturday,06:00-09:00,20,3,90,40,42
Greedy Demand,Saturday,06:00-09:00,20,3,90,60,28
Nearest Neighbor,Saturday,06:00-09:00,20,4,90,50,55
Greedy Demand,Saturday,06:00-09:00,20,4,90,67,32
Nearest Neighbor,Saturday,06:00-09:00,20,5,90,55,65
Greedy Demand,Saturday,06:00-09:00,20,5,90,71,35
Nearest Neighbor,Saturday,06:00-09:00,20,1,120,16,20
Greedy Demand,Saturday,06:00-09:00,20,1,120,20,11
Nearest Neighbor,Saturday,06:00-09:00,20,2,120,34,38
Greedy Demand,Saturday,06:00-09:00,20,2,120,44,27
Nearest Neighbor,Saturday,06:00-09:00,20,3,120,49,56
Greedy Demand,Saturday,06:00-09:00,20,3,120,56,34
Nearest Neighbor,Saturday,06:00-09:00,20,4,120,57,71
Greedy Demand,Saturday,06:00-09:00,20,4,120,73,51
Nearest Neighbor,Saturday,06:00-09:00,20,5,120,72,88
Greedy Demand,Saturday,06:00-09:00,20,5,120,87,65
Nearest Neighbor,Saturday,06:00-09:00,20,1,150,21,25
Greedy Demand,Saturday,06:00-09:00,20,1,150,20,15
Nearest Neighbor,Saturday,06:00-09:00,20,2,150,43,48
Greedy Demand,Saturday,06:00-09:00,20,2,150,44,33
Nearest Neighbor,Saturday,06:00-09:00,20,3,150,64,71
Greedy Demand,Saturday,06:00-09:00,20,3,150,59,46
Nearest Neighbor,Saturday,06:00-09:00,20,4,150,74,91
Greedy Demand,Saturday,06:00-09:00,20,4,150,79,66
Nearest Neighbor,Saturday,06:00-09:00,20,5,150,93,109
Greedy Demand,Saturday,06:00-09:00,20,5,150,93,81
Nearest Neighbor,Saturday,06:00-09:00,20,1,180,26,30
Greedy Demand,Saturday,06:00-09:00,20,1,180,20,20
Nearest Neighbor,Saturday,06:00-09:00,20,2,180,50,56
Greedy Demand,Saturday,06:00-09:00,20,2,180,45,35
Nearest Neighbor,Saturday,06:00-09:00,20,3,180,72,85
Greedy Demand,Saturday,06:00-09:00,20,3,180,70,60
Nearest Neighbor,Saturday,06:00-09:00,20,4,180,88,109
Greedy Demand,Saturday,06:00-09:00,20,4,180,88,81
Nearest Neighbor,Saturday,06:00-09:00,20,5,180,106,129
Greedy Demand,Saturday,06:00-09:00,20,5,180,91,104
Nearest Neighbor,Saturday,06:00-09:00,40,1,60,10,10
Greedy Demand,Saturday,06:00-09:00,40,1,60,13,5
Nearest Neighbor,Saturday,06:00-09:00,40,2,60,18,20
Greedy Demand,Saturday,06:00-09:00,40,2,60,22,9
Nearest Neighbor,Saturday,06:00-09:00,40,3,60,25,28
Greedy Demand,Saturday,06:00-09:00,40,3,60,37,17
Nearest Neighbor,Saturday,06:00-09:00,40,4,60,31,36
Greedy Demand,Saturday,06:00-09:00,40,4,60,48,23
Nearest Neighbor,Saturday,06:00-09:00,40,5,60,39,44
Greedy Demand,Saturday,06:00-09:00,40,5,60,60,29
Nearest Neighbor,Saturday,06:00-09:00,40,1,90,14,15
Greedy Demand,Saturday,06:00-09:00,40,1,90,16,6
Nearest Neighbor,Saturday,06:00-09:00,40,2,90,26,29
Greedy Demand,Saturday,06:00-09:00,40,2,90,40,18
Nearest Neighbor,Saturday,06:00-09:00,40,3,90,40,42
Greedy Demand,Saturday,06:00-09:00,40,3,90,60,28
Nearest Neighbor,Saturday,06:00-09:00,40,4,90,50,55
Greedy Demand,Saturday,06:00-09:00,40,4,90,67,32
Nearest Neighbor,Saturday,06:00-09:00,40,5,90,55,65
Greedy Demand,Saturday,06:00-09:00,40,5,90,71,35
Nearest Neighbor,Saturday,06:00-09:00,40,1,120,16,20
Greedy Demand,Saturday,06:00-09:00,40,1,120,26,11
Nearest Neighbor,Saturday,06:00-09:00,40,2,120,34,38
Greedy Demand,Saturday,06:00-09:00,40,2,120,58,27
Nearest Neighbor,Saturday,06:00-09:00,40,3,120,49,56
Greedy Demand,Saturday,06:00-09:00,40,3,120,70,34
Nearest Neighbor,Saturday,06:00-09:00,40,4,120,57,71
Greedy Demand,Saturday,06:00-09:00,40,4,120,87,51
Nearest Neighbor,Saturday,06:00-09:00,40,5,120,72,88
Greedy Demand,Saturday,06:00-09:00,40,5,120,101,65
Nearest Neighbor,Saturday,06:00-09:00,40,1,150,21,25
Greedy Demand,Saturday,06:00-09:00,40,1,150,34,15
Nearest Neighbor,Saturday,06:00-09:00,40,2,150,43,48
Greedy Demand,Saturday,06:00-09:00,40,2,150,66,33
Nearest Neighbor,Saturday,06:00-09:00,40,3,150,64,71
Greedy Demand,Saturday,06:00-09:00,40,3,150,81,46
Nearest Neighbor,Saturday,06:00-09:00,40,4,150,74,91
Greedy Demand,Saturday,06:00-09:00,40,4,150,101,66
Nearest Neighbor,Saturday,06:00-09:00,40,5,150,93,109
Greedy Demand,Saturday,06:00-09:00,40,5,150,115,81
Nearest Neighbor,Saturday,06:00-09:00,40,1,180,26,30
Greedy Demand,Saturday,06:00-09:00,40,1,180,40,20
Nearest Neighbor,Saturday,06:00-09:00,40,2,180,51,56
Greedy Demand,Saturday,06:00-09:00,40,2,180,67,35
Nearest Neighbor,Saturday,06:00-09:00,40,3,180,74,85
Greedy Demand,Saturday,06:00-09:00,40,3,180,92,60
Nearest Neighbor,Saturday,06:00-09:00,40,4,180,90,109
Greedy Demand,Saturday,06:00-09:00,40,4,180,110,81
Nearest Neighbor,Saturday,06:00-09:00,40,5,180,108,129
Greedy Demand,Saturday,06:00-09:00,40,5,180,113,104
Nearest Neighbor,Sunday,06:00-09:00,20,1,60,11,10
Greedy Demand,Sunday,06:00-09:00,20,1,60,20,6
Nearest Neighbor,Sunday,06:00-09:00,20,2,60,23,20
Greedy Demand,Sunday,06:00-09:00,20,2,60,36,13
Nearest Neighbor,Sunday,06:00-09:00,20,3,60,32,28
Greedy Demand,Sunday,06:00-09:00,20,3,60,50,20
Nearest Neighbor,Sunday,06:00-09:00,20,4,60,44,36
Greedy Demand,Sunday,06:00-09:00,20,4,60,64,27
Nearest Neighbor,Sunday,06:00-09:00,20,5,60,53,44
Greedy Demand,Sunday,06:00-09:00,20,5,60,74,32
Nearest Neighbor,Sunday,06:00-09:00,20,1,90,16,15
Greedy Demand,Sunday,06:00-09:00,20,1,90,20,9
Nearest Neighbor,Sunday,06:00-09:00,20,2,90,38,29
Greedy Demand,Sunday,06:00-09:00,20,2,90,45,22
Nearest Neighbor,Sunday,06:00-09:00,20,3,90,46,42
Greedy Demand,Sunday,06:00-09:00,20,3,90,65,32
Nearest Neighbor,Sunday,06:00-09:00,20,4,90,58,55
Greedy Demand,Sunday,06:00-09:00,20,4,90,76,38
Nearest Neighbor,Sunday,06:00-09:00,20,5,90,64,65
Greedy Demand,Sunday,06:00-09:00,20,5,90,82,41
Nearest Neighbor,Sunday,06:00-09:00,20,1,120,21,20
Greedy Demand,Sunday,06:00-09:00,20,1,120,22,13
Nearest Neighbor,Sunday,06:00-09:00,20,2,120,45,38
Greedy Demand,Sunday,06:00-09:00,20,2,120,50,28
Nearest Neighbor,Sunday,06:00-09:00,20,3,120,61,56
Greedy Demand,Sunday,06:00-09:00,20,3,120,68,37
Nearest Neighbor,Sunday,06:00-09:00,20,4,120,69,71
Greedy Demand,Sunday,06:00-09:00,20,4,120,80,46
Nearest Neighbor,Sunday,06:00-09:00,20,5,120,81,88
Greedy Demand,Sunday,06:00-09:00,20,5,120,95,61
Nearest Neighbor,Sunday,06:00-09:00,20,1,150,32,25
Greedy Demand,Sunday,06:00-09:00,20,1,150,28,19
Nearest Neighbor,Sunday,06:00-09:00,20,2,150,48,48
Greedy Demand,Sunday,06:00-09:00,20,2,150,52,35
Nearest Neighbor,Sunday,06:00-09:00,20,3,150,69,71
Greedy Demand,Sunday,06:00-09:00,20,3,150,69,47
Nearest Neighbor,Sunday,06:00-09:00,20,4,150,82,91
Greedy Demand,Sunday,06:00-09:00,20,4,150,88,67
Nearest Neighbor,Sunday,06:00-09:00,20,5,150,102,109
Greedy Demand,Sunday,06:00-09:00,20,5,150,103,83
Nearest Neighbor,Sunday,06:00-09:00,20,1,180,32,30
Greedy Demand,Sunday,06:00-09:00,20,1,180,28,23
Nearest Neighbor,Sunday,06:00-09:00,20,2,180,52,56
Greedy Demand,Sunday,06:00-09:00,20,2,180,56,41
Nearest Neighbor,Sunday,06:00-09:00,20,3,180,77,85
Greedy Demand,Sunday,06:00-09:00,20,3,180,78,60
Nearest Neighbor,Sunday,06:00-09:00,20,4,180,92,109
Greedy Demand,Sunday,06:00-09:00,20,4,180,99,82
Nearest Neighbor,Sunday,06:00-09:00,20,5,180,112,129
Greedy Demand,Sunday,06:00-09:00,20,5,180,100,106
Nearest Neighbor,Sunday,06:00-09:00,40,1,60,11,10
Greedy Demand,Sunday,06:00-09:00,40,1,60,33,6
Nearest Neighbor,Sunday,06:00-09:00,40,2,60,23,20
Greedy Demand,Sunday,06:00-09:00,40,2,60,49,13
Nearest Neighbor,Sunday,06:00-09:00,40,3,60,32,28
Greedy Demand,Sunday,06:00-09:00,40,3,60,63,20
Nearest Neighbor,Sunday,06:00-09:00,40,4,60,44,36
Greedy Demand,Sunday,06:00-09:00,40,4,60,77,27
Nearest Neighbor,Sunday,06:00-09:00,40,5,60,53,44
Greedy Demand,Sunday,06:00-09:00,40,5,60,87,32
Nearest Neighbor,Sunday,06:00-09:00,40,1,90,16,15
Greedy Demand,Sunday,06:00-09:00,40,1,90,40,9
Nearest Neighbor,Sunday,06:00-09:00,40,2,90,38,29
Greedy Demand,Sunday,06:00-09:00,40,2,90,65,22
Nearest Neighbor,Sunday,06:00-09:00,40,3,90,46,42
Greedy Demand,Sunday,06:00-09:00,40,3,90,85,32
Nearest Neighbor,Sunday,06:00-09:00,40,4,90,58,55
Greedy Demand,Sunday,06:00-09:00,40,4,90,96,38
Nearest Neighbor,Sunday,06:00-09:00,40,5,90,64,65
Greedy Demand,Sunday,06:00-09:00,40,5,90,102,41
Nearest Neighbor,Sunday,06:00-09:00,40,1,120,21,20
Greedy Demand,Sunday,06:00-09:00,40,1,120,42,13
Nearest Neighbor,Sunday,06:00-09:00,40,2,120,45,38
Greedy Demand,Sunday,06:00-09:00,40,2,120,72,28
Nearest Neighbor,Sunday,06:00-09:00,40,3,120,61,56
Greedy Demand,Sunday,06:00-09:00,40,3,120,90,37
Nearest Neighbor,Sunday,06:00-09:00,40,4,120,69,71
Greedy Demand,Sunday,06:00-09:00,40,4,120,102,46
Nearest Neighbor,Sunday,06:00-09:00,40,5,120,81,88
Greedy Demand,Sunday,06:00-09:00,40,5,120,117,61
Nearest Neighbor,Sunday,06:00-09:00,40,1,150,32,25
Greedy Demand,Sunday,06:00-09:00,40,1,150,48,19
Nearest Neighbor,Sunday,06:00-09:00,40,2,150,48,48
Greedy Demand,Sunday,06:00-09:00,40,2,150,80,35
Nearest Neighbor,Sunday,06:00-09:00,40,3,150,69,71
Greedy Demand,Sunday,06:00-09:00,40,3,150,97,47
Nearest Neighbor,Sunday,06:00-09:00,40,4,150,82,91
Greedy Demand,Sunday,06:00-09:00,40,4,150,116,67
Nearest Neighbor,Sunday,06:00-09:00,40,5,150,102,109
Greedy Demand,Sunday,06:00-09:00,40,5,150,131,83
Nearest Neighbor,Sunday,06:00-09:00,40,1,180,38,30
Greedy Demand,Sunday,06:00-09:00,40,1,180,48,23
Nearest Neighbor,Sunday,06:00-09:00,40,2,180,58,56
Greedy Demand,Sunday,06:00-09:00,40,2,180,81,41
Nearest Neighbor,Sunday,06:00-09:00,40,3,180,83,85
Greedy Demand,Sunday,06:00-09:00,40,3,180,103,60
Nearest Neighbor,Sunday,06:00-09:00,40,4,180,98,109
Greedy Demand,Sunday,06:00-09:00,40,4,180,124,82
Nearest Neighbor,Sunday,06:00-09:00,40,5,180,118,129
Greedy Demand,Sunday,06:00-09:00,40,5,180,125,106
